mindate,maxdate,name,city,country,id,latitude,longitude,distance,coverage
1966-03-02,2021-08-30,"KABUL INTERNATIONAL, AF",Kabul,Afghanistan,GHCND:AFM00040948,34.566,69.212,5.4452067433442135,0.5777
1940-01-01,2023-04-30,"ALGER DAR EL BEIDA, AG",Algiers,Algeria,GHCND:AG000060390,36.7167,3.25,18.126489415331697,0.889
1940-01-01,2004-12-31,"TAMANRASSET, AG",Tamanrasset,Algeria,GHCND:AG000060680,22.8,5.4331,208.63871426789942,0.9835
1973-02-05,2023-04-30,"TIRANA RINAS, AL",Tirana,Albania,GHCND:ALM00013615,41.415,19.721,12.821155664954999,0.7085
1936-01-01,2023-04-30,"ARMAVIR, AM",Yerevan,Armenia,GHCND:AM000037787,40.133,44.05,39.62961348956862,0.6367
1960-04-01,2023-04-30,"LUANDA, AO",Luanda,Angola,GHCND:AO000066160,-8.85,13.233,2.7992753075556434,0.4065
1908-09-02,2023-04-30,"BUENOS AIRES OBSERV, AR",Buenos Aires,Argentina,GHCND:AR000875850,-34.583,-58.483,5.012282472486243,0.9223
1956-02-01,2023-04-30,"COMODORO RIVADAVIA, AR",Comodoro Rivadavia,Argentina,GHCND:AR000087860,-45.783,-67.5,9.121801016847602,0.959
1973-01-03,2023-04-30,"SAN MARTIN, AR",Mendoza,Argentina,GHCND:ARM00087416,-33.083,-68.417,189.49657512362324,0.8047
1960-01-01,2023-04-30,"RESISTENCIA AERO, AR",Resistencia,Argentina,GHCND:AR000087155,-27.45,-59.05,6.265197572627356,0.9066
1965-03-08,2023-04-30,"ROSARIO, AR",Rosario,Argentina,GHCND:ARM00087480,-32.904,-60.785,13.070777812186154,0.8765
1956-02-01,2023-04-30,"SALTA AERO, AR",Salta,Argentina,GHCND:AR000870470,-24.85,-65.483,117.78792057611521,0.9214
1973-01-01,2023-04-30,"SAN JUAN, AR",San Juan,Argentina,GHCND:ARM00087311,-31.571,-68.418,5569.198538809929,0.9951
1957-06-30,2023-04-30,"USHUAIA MALVINAS ARGENTINAS, AR",Ushuaia,Argentina,GHCND:ARM00087938,-54.843,-68.296,4.347147004313269,0.6097
1884-01-01,2023-04-19,"NORTH ADELAIDE, AS",Adelaide,Australia,GHCND:ASN00023011,-34.9167,138.5956,1.336253106037556,0.9744
1999-12-10,2023-04-22,"BRISBANE, AS",Brisbane,Australia,GHCND:ASN00040913,-27.4808,153.0389,2.0098098868928074,0.9966
1882-06-01,2023-04-30,"CAIRNS POST OFFICE, AS",Cairns,Australia,GHCND:ASN00031010,-16.9333,145.7833,1.836191125852915,0.7862
1927-06-01,2023-04-30,"CANBERRA FORESTRY, AS",Canberra,Australia,GHCND:ASN00070015,-35.3,149.1,0.29156626476508835,0.947
2002-11-01,2023-04-21,"FORT HILL WHARF, AS",Darwin,Australia,GHCND:ASN00014050,-12.4706,130.8455,1.2288512181848155,0.6282
1964-04-15,2023-04-04,"MELBOURNE BOTANICAL GARDENS, AS",Melbourne,Australia,GHCND:ASN00086232,-37.8303,144.9767,2.1475976265061125,0.8798
1993-02-01,2023-04-22,"PERTH METRO, AS",Perth,Australia,GHCND:ASN00009225,-31.9192,115.8728,4.240253527209046,0.9958
1885-01-01,2023-04-05,"SYDNEY BOTANIC GARDENS, AS",Sydney,Australia,GHCND:ASN00066006,-33.8662,151.216,0.8195018647308897,0.8605
1855-02-01,2023-04-30,"WIEN, AU",Vienna,Austria,GHCND:AU000005901,48.2331,16.35,3.2173415504906067,0.998
1944-03-19,2023-04-30,"BAHRAIN INT. AIRPORT, BA",Manama,Bahrain,GHCND:BA000041150,26.267,50.65,8.309951867405532,0.5311
1943-09-17,2004-12-31,GRANTLEY ADAMS,Bridgetown,Barbados,GHCND:BB000078954,13.067,-59.483,15.061141985295908,0.5405
1925-04-01,2016-05-09,"GABORONE, BC",Gaborone,Botswana,GHCND:BC005847300,-24.667,25.917,1.2846167819557455,0.7516
1833-01-02,2023-04-30,"UCCLE, BE",Brussels,Belgium,GHCND:BE000006447,50.8,4.35,5.178307749825965,0.9774
1961-01-01,2023-04-30,"NASSAU AIRPORT NEW, BF",Nassau,The Bahamas,GHCND:BF000078073,25.05,-77.467,13.333468433146132,0.8195
1982-01-12,2023-04-30,"SHAH AMANAT INTERNATIONAL, BG",Chittagong,Bangladesh,GHCND:BGM00041978,22.25,91.813,9.558339490327239,0.8414
1945-02-28,2023-04-30,"TEJGAON, BG",Dhaka,Bangladesh,GHCND:BGM00041923,23.779,90.383,1.7347424767038362,0.3619
1901-01-01,2023-04-30,"SARAJEVO, BK",Sarajevo,Bosnia and Herzegovina,GHCND:BKM00014654,43.8678,18.4228,3.3880357859886696,1
1942-06-01,2023-04-30,"EL ALTO INTERNATIONAL, BL",La Paz,Bolivia,GHCND:BLM00085201,-16.513,-68.192,5216.779115366387,0.7162
1973-06-13,2016-05-13,"JUANA AZURDUY DE PADILLA, BL",Sucre,Bolivia,GHCND:BLM00085283,-19.007,-65.289,5.492567436674649,0.8766
1950-02-16,2023-04-25,"MANDALAY, BM",Mandalay,Myanmar,GHCND:BMM00048042,21.983,96.1,1.827432558433714,0.4507
1941-01-02,2023-04-30,"COTONOU, BN",Cotonou,Benin,GHCND:BN000005344,6.35,2.38,5.3738701501308785,0.8456
1973-01-03,2023-04-30,"PARAKOU, BN",Parakou,Benin,GHCND:BNM00065330,9.35,2.617,1.6258434087160305,0.9008
1891-04-01,2023-04-29,"MINSK, BO",Minsk,Belarus,GHCND:BOM00026850,53.87,27.53,4.169717346166027,0.8887
1949-12-19,2023-04-30,HONIARA,Honiara,Solomon Islands,GHCND:BP000091517,-9.417,159.967,2.366576822866808,0.441
2002-01-01,2023-04-30,"BELO HORIZONTE CONFINS, BR",Belo Horizonte,Brazil,GHCND:BRM00083566,-19.833,-43.917,10.386010788538107,0.8813
1973-02-06,2023-04-30,"CURITIBA, BR",Curitiba,Brazil,GHCND:BR002549075,-25.417,-49.267,1.4648895052901405,0.4877
1962-09-01,2000-12-31,"UMARITUBA NOVA, BR",Fortaleza,Brazil,GHCND:BR000338014,-3.67,-38.98,51.28583806997639,0.7335
1977-10-02,2023-04-30,"CANOAS, BR",Porto Alegre,Brazil,GHCND:BRM00083967,-29.946,-51.144,12.716705688618147,0.5326
1973-01-01,2023-04-30,"GALEAO ANTONIO CARLOS JOBIM, BR",Rio de Janeiro,Brazil,GHCND:BRM00083746,-22.809,-43.244,11.885321378296004,0.9974
1952-01-01,2023-04-30,"SOFIA, BU",Sofia,Bulgaria,GHCND:BUM00015614,42.695,23.406,6.892918296520953,0.8725
1999-05-01,2023-04-30,"CALGARY INTERNATIONAL CS, CA",Calgary,Canada,GHCND:CA003031094,51.1167,-114.0167,8.558043177730022,0.9376
1996-03-01,2023-04-30,"EDMONTON MUNICIPAL CR10, CA",Edmonton,Canada,GHCND:CA003012209,53.5667,-113.5167,2.83218170435537,0.9873
2001-11-08,2023-04-05,"HALIFAX 2.2 SW, CA",Halifax,Canada,GHCND:CA1NS000036,44.639368,-63.599797,1.5027440825658485,0.4109
1994-07-26,2023-04-30,"MCTAVISH, CA",Montreal,Canada,GHCND:CA007024745,45.5,-73.5833,1.1095619359947135,0.93
1889-11-01,2023-03-16,"OTTAWA CDA, CA",Ottawa,Canada,GHCND:CA006105976,45.3833,-75.7167,4.665710769910431,0.9964
2008-12-03,2023-04-30,"SASKATOON RCS, CA",Saskatoon,Canada,GHCND:CA004057165,52.1667,-106.7167,5.442638683008094,0.9911
2002-06-04,2023-04-30,"TORONTO CITY, CA",Toronto,Canada,GHCND:CA006158355,43.6667,-79.4,1.9571694518766585,0.9887
1925-11-01,2023-04-30,VANCOUVER HARBOUR CS,Vancouver,Canada,GHCND:CA001108446,49.3,-123.1167,4.355354640533105,0.8964
1999-11-01,2023-04-30,"WINNIPEG THE FORKS, CA",Winnipeg,Canada,GHCND:CA005023262,49.8833,-97.1333,1.4099484019292459,0.9896
1950-01-12,2023-04-30,"PHNOM PENH INTERNATIONAL, CB",Phnom Penh,Cambodia,GHCND:CBM00048991,11.547,104.844,8.866842806934837,0.4979
1956-01-18,2023-04-30,"COLOMBO, CE",Colombo,Sri Lanka,GHCND:CEM00043466,6.9,79.867,4.537211547313249,0.2882
1947-03-01,2023-04-30,"BRAZZAVILLE, CF",Brazzaville,Republic of the Congo,GHCND:CF000004450,-4.25,15.25,3.1957299600269287,0.6872
1947-03-01,2023-04-30,"BRAZZAVILLE, CF",Kinshasa,Democratic Republic of the Congo,GHCND:CF000004450,-4.25,15.25,10.571256966720384,0.6872
1945-10-31,2023-04-30,"BEIJING, CH",Beijing,China,GHCND:CHM00054511,39.933,116.283,9.70218278485446,0.951
1944-02-15,2023-04-30,"CHANGSHA, CH",Changsha,China,GHCND:CHM00057687,28.233,112.867,37.693105255613595,0.4617
1944-11-11,2023-04-30,"CHONGQING, CH",Chongqing,China,GHCND:CHM00057516,29.583,106.467,8.0591974131195,0.94
1945-11-30,2023-04-30,"GUANGZHOU, CH",Guangzhou,China,GHCND:CHM00059287,23.217,113.483,24.821468400686012,0.9472
1951-01-01,2023-04-30,"HARBIN, CH",Harbin,China,GHCND:CHM00050953,45.75,126.767,19.346056926047844,0.9997
1992-08-01,2000-03-31,"KING S PARK, CH",Hong Kong,China,GHCND:CHM00045004,22.333,114.167,5.98359907980857,0.9993
1942-07-13,2023-04-30,"KUNMING, CH",Kunming,China,GHCND:CHM00056778,25.017,102.683,21.139446041621433,0.9569
1955-01-01,2023-04-30,"LHASA, CH",Lhasa,China,GHCND:CHM00055591,29.667,91.133,3.844150819422445,0.9986
1951-01-01,2023-04-30,"SHANGHAI HONGQIAO, CH",Shanghai,China,GHCND:CHM00058367,31.167,121.433,8.036419232973618,0.9998
1951-01-01,2023-04-30,"XIAN, CH",Xi'an,China,GHCND:CHM00057036,34.3,108.933,4.445720677764738,0.9999
1951-01-01,2023-04-30,"YINCHUAN, CH",Yinchuan,China,GHCND:CHM00053614,38.467,106.2,3.0489391658739113,0.9997
1946-11-13,2023-04-30,"ANTOFAGASTA, CI",Antofagasta,Chile,GHCND:CI000085442,-23.433,-70.45,24.31101170392107,0.7304
1957-07-01,2023-04-30,"LA SERENA, CI",La Serena,Chile,GHCND:CI000085488,-29.917,-71.2,5.2628549847199695,0.8085
1963-07-02,2023-04-30,"PUNTA ARENAS, CI",Punta Arenas,Chile,GHCND:CI000085934,-53,-70.967,18.503920769350174,0.8548
1946-11-13,2023-04-30,"QUINTA NORMAL, CI",Santiago,Chile,GHCND:CIM00085577,-33.433,-70.683,3.0667192334918885,0.2367
1948-01-01,2023-04-30,"DOUALA, CM",Douala,Cameroon,GHCND:CM000004910,4.02,9.72,2.9747430542469346,0.5552
1973-01-11,2023-04-30,"GAROUA, CM",Garoua,Cameroon,GHCND:CMM00064860,9.336,13.37,4.119550891172875,0.7441
1941-05-02,2023-04-30,"ERNESTO CORTISSOZ, CO",Barranquilla,Colombia,GHCND:COM00080028,10.89,-74.781,11.620424629548134,0.7827
1969-08-20,2023-04-30,"ALFONSO LOPEZ PUMAREJO, CO",Valledupar,Colombia,GHCND:COM00080036,10.435,-73.25,3.370602500289519,0.4034
1973-02-06,2023-04-30,"BANGUI M POKO, CT",Bangui,Central African Republic,GHCND:CTM00064650,4.398,18.519,3.629627980345796,0.7737
1973-01-02,2016-10-07,CASA BLANCA LA HABANA,Havana,Cuba,GHCND:CUM00078325,23.167,-82.35,3.6415145033444145,0.6974
1973-01-01,2023-04-30,"PRAIA, CV",Praia,Cape Verde,GHCND:CVM00008589,14.917,-23.6,9.723334468741244,0.3191
1881-08-01,2009-12-30,"NICOSIA, CY",Nicosia,Cyprus,GHCND:CYE00100074,35.1667,33.35,1.5547558028559079,0.9973
1960-12-31,2020-12-31,"KOEBENHAVN BOTANISK HAVE, DA",Copenhagen,Denmark,GHCND:DA000030370,55.6831,12.5831,0.9106667722312032,0.9972
1943-11-02,2023-04-30,SANTO DOMINGO,Santo Domingo,Dominican Republic,GHCND:DRM00078486,18.433,-69.883,8.149520204124943,0.6176
2005-09-20,2023-04-27,"IZOBAMBA, EC",Quito,Ecuador,GHCND:ECM00084088,-0.35,-78.55,15.032530090668587,0.3889
1957-01-01,2023-04-30,"ALEXANDRIA INTERNATIONAL, EG",Alexandria,Egypt,GHCND:EGM00062318,31.184,29.949,5.391262925775086,0.8708
1867-01-01,2023-04-30,"DUBLIN PHOENIX PARK, EI",Dublin,Ireland,GHCND:EI000003969,53.3639,-6.3192,4.211770807040994,0.9876
2007-11-12,2023-04-30,"BATA RIO MUNI, EK",Bata,Equatorial Guinea,GHCND:EKM00064820,1.9,9.8,10.519469157649334,0.8871
1996-05-01,2023-04-30,"MALABO, EK",Malabo,Equatorial Guinea,GHCND:EKM00064810,3.755,8.709,7.889277727624326,0.6911
1870-06-30,2023-02-28,"TALLINN, EN",Tallinn,Estonia,GHCND:ENE00175051,59.3981,24.6028,9.163589913469163,0.97
1943-01-01,2015-11-12,"ASMARA, ER",Asmara,Eritrea,GHCND:ER000063021,15.283,38.917,6.446316985180408,0.6331
1956-01-03,2023-04-30,"SAN SALVADOR ILOPAN, ES",San Salvador,El Salvador,GHCND:ES003800510,13.7,-89.117,8.041016615037996,0.7641
1957-02-13,2023-04-30,"ADDIS ABABA BOLE, ET",Addis Ababa,Ethiopia,GHCND:ET000063450,9.033,38.75,2.7612149460536304,0.6566
1973-01-01,2023-04-30,"PRAHA LIBUS, EZ",Prague,Czech Republic,GHCND:EZM00011520,50,14.45,9.939985188791008,0.9992
1943-06-01,2023-04-30,"ROCHAMBEAU, FR",Cayenne,French Guiana,GHCND:FG000081405,4.833,-52.367,12.443108383536552,0.902
1951-01-01,2023-03-31,"HELSINKI KAISANIEMI AWS, FI",Helsinki,Finland,GHCND:FI000000304,60.1667,24.95,0.4106524879812967,1
1959-01-01,2023-03-31,"SIILINJARVI KUOPION LENTOASEMA, FI",Kuopio,Finland,GHCND:FIE00144702,63.0081,27.8025,14.312956975714245,0.9962
1996-10-04,2023-03-31,OULU VIHREASAARI,Oulu,Finland,GHCND:FIE00145661,65.0056,25.3967,3.59083349609748,0.9919
1973-01-01,2023-04-30,"NAUSORI INTERNATIONAL, FJ",Suva,Fiji,GHCND:FJM00091683,-18.043,178.559,16.512869659830287,0.997
1920-09-01,2023-04-30,"LYON ST EXUPERY, FR",Lyon,France,GHCND:FR069029001,45.7264,5.0778,19.390823666440124,0.9945
1921-01-01,2023-04-30,"MARSEILLES MARIGNANE, FR",Marseille,France,GHCND:FR000007650,43.4378,5.2158,20.08176111790041,0.9734
1983-12-18,2023-04-30,"PARIS MONTSOURIS, FR",Paris,France,GHCND:FRM00007156,48.8217,2.3378,4.3347332659909155,0.7718
1973-02-09,2023-04-30,"LEON M BA, GB",Libreville,Gabon,GHCND:GBM00064500,0.459,9.412,6.510362995131647,0.8663
1942-09-07,2023-04-30,"KOTOKA INTERNATIONAL, GH",Accra,Ghana,GHCND:GHM00065472,5.605,-0.167,6.53559137183312,0.4604
1973-01-04,2023-04-30,"KUMASI, GH",Kumasi,Ghana,GHCND:GHM00065442,6.715,-1.591,4.008982314178609,0.3014
1973-01-04,2023-04-30,"TAMALE, GH",Tamale,Ghana,GHCND:GHM00065418,9.557,-0.863,17.030033714676737,0.2466
1931-01-01,2023-03-31,"BERLIN TEMPELHOF, GM",Berlin,Germany,GHCND:GME00111445,52.4683,13.4039,5.514084137749646,0.915
1985-11-01,2023-03-31,"FRANKFURT MAIN WESTEND, GM",Frankfurt,Germany,GHCND:GME00122362,50.1281,8.6703,2.1152259183751907,0.9933
1955-01-01,2023-04-30,"HELLINIKON, GR",Athens,Greece,GHCND:GR000016716,37.9,23.75,9.525746562103627,0.9411
1964-01-03,2023-04-30,"MAKEDONIA, GR",Thessaloniki,Greece,GHCND:GRM00016622,40.52,22.971,13.714643672713764,0.9403
1940-01-01,2023-04-30,"CONAKRY AERO, GV",Conakry,Guinea,GHCND:GV000001832,9.57,-13.62,10.550254943371696,0.4091
1944-10-01,2023-04-30,"KANKAN, GV",Kankan,Guinea,GHCND:GV000001829,10.38,-9.3,27.291742777606856,0.2237
1941-08-25,2023-04-29,"GEORGETOWN, GY",Georgetown,Guyana,GHCND:GYM00081001,6.8,-58.15,2.0551464044373877,0.3082
1973-06-05,2023-04-30,"GOLOSON INTERNATIONAL, HO",La Ceiba,Honduras,GHCND:HOM00078705,15.742,-86.853,8.005819573516032,0.8887
1957-07-01,2023-04-30,"TEGUCIGALPA, HO",Tegucigalpa,Honduras,GHCND:HO000078720,14.05,-87.217,6.354855011056517,0.8229
1860-12-30,2023-04-30,"ZAGREB GRIC, HR",Zagreb,Croatia,GHCND:HR000142360,45.8167,15.9781,3.135647760488057,0.9942
1901-01-01,2020-12-31,"BUDAPEST, HU",Budapest,Hungary,GHCND:HUE00100247,47.5108,19.0206,2.056878133382871,1
1962-10-06,2023-04-30,"DENPASAR NGURAH RAI, ID",Denpasar,Indonesia,GHCND:IDM00097230,-8.749,115.167,12.163955856097179,0.7757
1973-01-12,2023-04-30,"JAKARTA OBSERVATORY, ID",Jakarta,Indonesia,GHCND:ID000096745,-6.183,106.833,1.084452489333398,0.5661
1980-01-10,2023-04-30,JAYAPURA DOK II,Jayapura,Indonesia,GHCND:IDM00097698,-2.367,140.717,19.154899304603234,0.4583
1986-10-23,2023-04-30,"UJANG PANDANG PAOTERE, ID",Makassar,Indonesia,GHCND:IDM00097182,-5.067,119.55,16.97505608115965,0.7156
1958-10-01,2023-04-30,"POLONIA, ID",Medan,Indonesia,GHCND:IDM00096035,3.558,98.672,3.5268591530324156,0.7575
1962-05-04,2023-04-30,"SULTAN MAHMUD BADARUDDIN II, ID",Palembang,Indonesia,GHCND:IDM00096221,-2.898,104.701,11.852467156923995,0.7409
1973-01-13,2023-04-30,"SUPADIO, ID",Pontianak,Indonesia,GHCND:IDM00096581,-0.151,109.404,15.715141761351672,0.8765
1901-01-01,2023-04-30,"CALCUTTA ALIPORE, IN",Kolkata,India,GHCND:IN024140300,22.533,88.333,5.431400293559688,0.5931
1949-10-01,2023-04-30,"BOMBAY SANTACRUZ, IN",Mumbai,India,GHCND:IN012070800,19.117,72.85,5.200883594012377,0.728
1901-01-01,2023-04-30,"NEW DELHI SAFDARJUN, IN",New Delhi,India,GHCND:IN022021900,28.583,77.2,3.546134841603947,0.8039
1973-01-06,2023-04-30,"AHWAZ, IR",Ahvaz,Iran,GHCND:IRM00040811,31.337,48.762,8.004481066936561,0.6449
1951-01-01,2023-04-30,"TABRIZ, IR",Tabriz,Iran,GHCND:IR000040706,38.08,46.28,1.707345825277163,0.9677
1943-11-01,2023-04-30,"TEHRAN MEHRABAD, IR",Tehran,Iran,GHCND:IR000407540,35.683,51.317,6.593679053545622,0.6344
1966-09-24,2023-04-28,"CAMERI, IT",Milan,Italy,GHCND:ITM00016064,45.53,8.669,41.23345080677824,0.7907
1797-01-01,2008-12-31,"PALERMO, IT",Palermo,Italy,GHCND:ITE00105250,38.1103,13.3514,0.13767284175653108,0.8284
1951-01-01,2023-04-30,"ROMA CIAMPINO, IT",Rome,Italy,GHCND:IT000016239,41.7831,12.5831,14.800992831698657,0.9125
1973-01-01,2023-04-30,"ABIDJAN FELIX HOUPHOUET BOIGN, IV",Abidjan,Ivory Coast,GHCND:IVM00065578,5.261,-3.926,11.962367911440511,0.9451
1945-01-01,2023-04-30,"GAGNOA, IV",Gagnoa,Ivory Coast,GHCND:IV000005557,6.13,-5.95,0.3843250981904462,0.8096
1951-01-01,2023-04-18,"IIZUKA, JA",Fukuoka,Japan,GHCND:JA000047809,33.65,130.699,7.9924395924436356,0.9355
1951-01-01,2023-04-30,"HIROSHIMA, JA",Hiroshima,Japan,GHCND:JA000047765,34.4,132.467,1.674038844355007,0.9012
1945-10-31,2023-04-18,"KYOTO, JA",Kyoto,Japan,GHCND:JA000047759,35.017,135.733,2.107203525552416,0.8969
1961-01-01,2023-04-30,"NAHA, JA",Naha,Japan,GHCND:JA000047936,26.2,127.683,1.4137274848747565,0.9693
1951-01-01,2023-04-30,"SAPPORO, JA",Sapporo,Japan,GHCND:JA000047412,43.067,141.333,1.8190856019656807,0.9555
1951-01-01,2023-04-30,"TOKYO, JA",Tokyo,Japan,GHCND:JA000047662,35.683,139.767,0.8659451500458317,0.9547
1941-12-22,2023-04-30,"NORMAN MANLEY INTERNATIONAL, JM",Kingston,Jamaica,GHCND:JMM00078397,17.936,-76.788,3.9486637047303197,0.7118
1957-01-01,2023-04-30,"MOMBASA, KE",Mombasa,Kenya,GHCND:KE000063820,-4.033,39.617,5.895822003345091,0.8014
1957-01-01,2023-04-30,"JOMO KENYATTA INTERNATIONAL, KE",Nairobi,Kenya,GHCND:KE000063740,-1.317,36.917,11.707086696513326,0.8352
1936-01-01,2023-04-30,"BISHKEK, KG",Bishkek,Kyrgyzstan,GHCND:KG000038353,42.83,74.58,5.7421671196352255,0.9471
1950-12-04,2023-04-30,"SEOUL CITY, KS",Seoul,South Korea,GHCND:KSM00047108,37.567,126.967,1.3037602387520675,0.9636
1915-05-01,2023-04-30,"ALMATY, KZ",Almaty,Kazakhstan,GHCND:KZ000036870,43.2331,76.9331,1.0865079071605532,0.9451
1881-01-01,2023-04-30,"ASTANA, KZ",Astana,Kazakhstan,GHCND:KZ000035188,51.1331,71.3667,4.496555012188869,0.9424
1950-06-22,2023-04-30,"WATTAY INTERNATIONAL, LA",Vientiane,Laos,GHCND:LAM00048940,17.988,102.563,5.953671711215711,0.9163
1957-06-30,2023-04-30,"RAFIC HARIRI INTERNATIONAL, LE",Beirut,Lebanon,GHCND:LEM00040100,33.821,35.488,7.704633458032035,0.7498
1959-01-01,2023-04-30,"JELGAVA, LG",Riga,Latvia,GHCND:LG000026425,56.65,23.733,40.27206848573635,0.515
1881-01-01,2023-04-30,"VILNIUS, LH",Vilnius,Lithuania,GHCND:LH000026730,54.6331,25.1,13.205491444903133,0.9614
1943-11-01,2023-04-30,"BENGHAZI BENINA, LY",Benghazi,Libya,GHCND:LYE00147747,32.08,20.27,18.546935212648233,0.6817
1916-01-01,2008-02-29,"TRIPOLI SIDI EL MESRI, LY",Tripoli,Libya,GHCND:LYE00147742,32.8697,13.22,4.952666663120676,0.7076
1973-01-02,2023-04-30,"ANTANANARIVO IVATO, MA",Antananarivo,Madagascar,GHCND:MA000067083,-18.8,47.483,81.17747608100913,0.9025
1973-01-02,2023-04-30,"ANTSIRANANA, MA",Antsiranana,Madagascar,GHCND:MA000067009,-12.35,49.3,8.070693198038443,0.8574
1973-02-19,2023-04-30,"FIANARANTSOA, MA",Fianarantsoa,Madagascar,GHCND:MAM00067137,-21.442,47.112,3.2096582518858163,0.743
1973-01-02,2023-04-30,"PHILIBERT TSIRANANA, MA",Mahajanga,Madagascar,GHCND:MAM00067027,-15.667,46.352,6.795607104273751,0.8995
1973-01-22,2023-04-30,"TOAMASINA, MA",Toamasina,Madagascar,GHCND:MA000067095,-18.117,49.4,4.394385453329363,0.8719
1973-01-03,2023-04-30,"TOLIARA, MA",Toliara,Madagascar,GHCND:MA000067161,-23.383,43.733,7.216338709459955,0.6005
1956-08-20,2023-04-30,"CHINGGIS KHAAN INTERNATIONAL, MG",Ulaanbaatar,Mongolia,GHCND:MGM00044292,47.843,106.767,14.025947148410461,0.8539
1939-01-01,2023-04-30,"CHILEKA, MI",Blantyre,Malawi,GHCND:MI000067693,-15.683,34.967,12.130150915899362,0.6826
2001-09-17,2023-04-30,"PODGORICA GRAD, MJ",Podgorica,Montenegro,GHCND:MJM00013463,42.433,19.283,1.9590118519279704,0.953
2001-11-14,2023-04-30,"SKOPJE ZAJCEV RID, MK",Skopje,Macedonia,GHCND:MKM00013588,42.017,21.4,3.509304710640387,0.365
1975-01-01,2023-04-30,"SENOU, ML",Bamako,Mali,GHCND:MLM00061291,12.534,-7.95,9.586417006065469,0.9838
1943-01-13,2023-04-30,"SALE, MO",Rabat,Morocco,GHCND:MOM00060135,34.051,-6.752,8.201471858717783,0.6556
1957-07-01,2023-04-30,"NOUADHIBOU, MR",Nouadhibou,Mauritania,GHCND:MR000061415,20.933,-17.033,2.8853172559145164,0.8211
1945-01-01,2023-04-30,"NOUAKCHOTT, MR",Nouakchott,Mauritania,GHCND:MR000001442,18.12,-15.93,6.462476702888027,0.7994
1983-01-01,2023-04-30,"SEEB INTERNATIONAL, MU",Muscat,Oman,GHCND:MUM00041256,23.593,58.284,10.096797212425527,0.8973
1952-03-01,2023-04-12,"CHIHUAHUA, MX",Chihuahua,Mexico,GHCND:MXM00076225,28.6333,-106.0833,16.90788651756275,0.6172
1954-01-01,2023-04-12,"GUADALAJARA, MX",Guadalajara,Mexico,GHCND:MXM00076612,20.72,-103.38,6.8681282952186775,0.5916
1952-08-08,2023-04-12,"LA PAZ CITY, MX",La Paz,Mexico,GHCND:MXM00076405,24.167,-110.3,1287.6851473718991,0.6521
1932-03-01,2023-04-30,"EL CENTRO 2 SSW, CA US",Mexicali,Mexico,GHCND:USC00042713,32.7669,-115.5617,16.230532745788377,0.9808
1973-01-02,2023-04-12,"MEXICO CITY, MX",Mexico City,Mexico,GHCND:MXM00076680,19.4,-99.183,6.36105724638853,0.6035
1977-01-10,2023-04-11,"MONTERREY CITY, MX",Monterrey,Mexico,GHCND:MXM00076393,25.733,-100.3,6.066642029746621,0.7468
1968-01-01,2023-04-12,"TOLUCA OBS, MX",Toluca,Mexico,GHCND:MXM00076675,19.2833,-99.7,4.638768754236435,0.8782
1973-09-01,2023-04-12,"HACIENDA YLANG YLANG VERACRUZ, MX",Veracruz,Mexico,GHCND:MXM00076692,19.15,-96.117,61.20075221092695,0.8295
1975-09-06,2023-04-12,"VILLAHERMOSA TAB., MX",Villahermosa,Mexico,GHCND:MXM00076743,17.983,-92.933,2.0921590819813147,0.5255
1949-04-01,2023-04-30,"SULTAN ABDUL AZIZ SHAH INTERNATIONAL, MY",Kuala Lumpur,Malaysia,GHCND:MYM00048647,3.131,101.549,16.28875186074356,0.7586
1973-01-02,2023-04-30,"MAPUTO, MZ",Maputo,Mozambique,GHCND:MZM00067341,-25.921,32.573,5.057991190300652,0.8575
1940-01-01,2023-04-30,"NIAMEY AERO, NG",Niamey,Niger,GHCND:NG000001052,13.5,2.13,3.5191263101495114,0.887
1973-01-05,2023-04-30,"YAKUBU GOWON, NI",Jos,Nigeria,GHCND:NIM00065134,9.64,8.869,31.020505902277076,0.0872
1943-05-01,2023-04-30,"MALLAM AMINU INTERNATIONAL, NI",Kano,Nigeria,GHCND:NIM00065046,12.048,8.525,17.07593082580838,0.2085
1973-02-06,2023-04-30,"MURTALA MUHAMMED, NI",Lagos,Nigeria,GHCND:NIM00065201,6.577,3.321,15.786643281442123,0.3939
1973-04-06,2023-04-30,"MAKURDI, NI",Makurdi,Nigeria,GHCND:NIM00065271,7.704,8.614,587.5440829059465,0.0334
1931-12-31,2023-03-10,"SCHELLINGWOUDE, NL",Amsterdam,Netherlands,GHCND:NLE00101920,52.3831,4.9667,5.161463898856856,0.9918
1957-01-01,2023-04-26,"BERGEN FLORIDA, NO",Bergen,Norway,GHCND:NO000050540,60.3831,5.3331,1.3069659239534832,0.9991
1937-01-01,2023-04-30,"OSLO BLINDERN, NO",Oslo,Norway,GHCND:NOM00001492,59.9428,10.7206,3.4330383592558733,1
1971-01-01,2023-04-30,"KATHMANDU AIRPORT, NP",Kathmandu,Nepal,GHCND:NP000444540,27.7,85.367,4.662407008676402,0.7904
1942-09-01,2004-12-31,"HATO, UC",Willemstad,Curaçao,GHCND:UCM00078988,12.189,-68.96,9.130006487110762,0.5948
1942-10-01,2023-04-30,"MANAGUA INTERNATIONAL, NU",Managua,Nicaragua,GHCND:NUM00078741,12.141,-86.168,11.593306902970332,0.6259
1994-08-02,2023-04-30,"AUCKLAND AERO AWS, NZ",Auckland,New Zealand,GHCND:NZM00093110,-37,174.8,16.76878987861359,0.9951
1954-03-02,2023-04-30,"CHRISTCHURCH INTERNATIONAL, NZ",Christchurch,New Zealand,GHCND:NZM00093781,-43.489,172.532,9.64273111644691,0.9477
1995-07-01,2023-04-30,WELLINGTON AERO AWS,Wellington,New Zealand,GHCND:NZM00093439,-41.333,174.8,5.270992245458586,0.9964
1963-01-03,2023-04-30,"JORGE CHAVEZ INTERNATIONAL, PE",Lima,Peru,GHCND:PEM00084628,-12.022,-77.114,9.532691559107844,0.8822
1963-01-03,2023-04-30,"CAPITAN FAP GUILLERMO CONCHA, PE",Piura,Peru,GHCND:PEM00084401,-5.206,-80.616,38.791639495399885,0.8473
1942-05-06,2023-04-30,"JINNAH INTERNATIONAL, PK",Karachi,Pakistan,GHCND:PKM00041780,24.907,67.161,15.301069930999871,0.6427
1957-07-01,2023-04-30,"LAHORE CITY, PK",Lahore,Pakistan,GHCND:PK000041640,31.55,74.333,2.493915497562853,0.6506
1952-01-02,2023-04-30,"OKECIE, PL",Warsaw,Poland,GHCND:PLM00012375,52.166,20.967,7.8179656723729956,0.8594
1900-12-31,2022-11-14,"LISBOA GEOFISICA, PO",Lisbon,Portugal,GHCND:PO000008535,38.7167,-9.15,1.5308989016474093,0.9834
1940-12-31,2022-04-06,"PORTO, PO",Porto,Portugal,GHCND:PO000008546,41.1331,-8.6,2.0302481982016807,0.7776
1970-01-01,2023-04-30,"PORT MORESBY W.O., PP",Port Moresby,Papua New Guinea,GHCND:PP000092035,-9.383,147.217,11.928732708054506,0.7122
1973-01-02,2023-04-30,"BISSAU OSWALDO VIEIRA INTERNATIONAL, PU",Bissau,Guinea-Bissau,GHCND:PUM00061766,11.895,-15.654,8.580061011863682,0.4811
1935-12-31,2023-04-30,"BELGRADE OBSERVATORY, RB",Belgrade,Serbia,GHCND:RIE00100818,44.8,20.4667,2.1263322193353265,0.9984
1929-01-01,2023-04-30,"BUCURESTI BANEASA, RO",Bucharest,Romania,GHCND:ROE00108889,44.5167,26.0831,9.091966305478383,0.9936
1945-03-01,2023-04-30,SCIENCE GARDEN,Manila,Philippines,GHCND:RP000098430,14.633,121.017,5.943871288681537,0.7595
1959-01-01,2020-02-26,"RIO PIEDRAS EXPERIMENTAL STATION, US",San Juan,Puerto Rico,GHCND:RQC00668306,18.3905,-66.0541,10.617940921231478,0.8091
1882-01-01,2023-04-30,"IRKUTSK, RS",Irkutsk,Russia,GHCND:RSM00030710,52.2667,104.35,5.385783568241146,0.9997
1936-12-31,2022-01-15,"MOSCOW, RS",Moscow,Russia,GHCND:RSM00027612,55.8331,37.6167,9.19082848234963,0.8524
1936-01-01,2023-04-30,MURMANSK,Murmansk,Russia,GHCND:RSM00022113,68.9667,33.0497,1.1005786856210742,0.9994
1900-01-01,2023-04-30,"NOVOSIBIRSK, RS",Novosibirsk,Russia,GHCND:RSM00029634,55.083,82.9,6.194263616554468,0.6305
1919-12-10,2019-06-30,"ROSTOV NA DONU, RS",Rostov-on-Don,Russia,GHCND:RSM00034730,47.25,39.82,8.910716017300688,0.7909
1881-01-01,2023-04-30,"ST. PETERSBURG, RS",Saint Petersburg,Russia,GHCND:RSM00026063,59.9667,30.3,3.2385079946169015,0.9999
1911-01-01,2023-04-30,"VLADIVOSTOK, RS",Vladivostok,Russia,GHCND:RSM00031960,43.1167,131.933,3.853582957698404,0.9651
1888-03-01,2023-04-30,"JAKUTSK, RS",Yakutsk,Russia,GHCND:RSM00024959,62.0167,129.7167,1.432789748668198,0.9786
1983-01-01,2023-04-30,"ABHA, SA",Abha,Saudi Arabia,GHCND:SAM00041112,18.24,42.657,16.332793009505764,0.9994
1958-03-05,2022-02-28,"RIYADH OBS. O.A.P., SA",Riyadh,Saudi Arabia,GHCND:SA000040438,24.7,46.733,7.005824769448595,0.7239
1909-02-01,2023-04-30,"BLOEMFONTEIN AIRPOR, SF",Bloemfontein,South Africa,GHCND:SF002613650,-29.1,26.3,8.409649961519635,0.809
1973-01-02,2023-04-30,"CAPE TOWN INTERNATIONAL, SF",Cape Town,South Africa,GHCND:SFM00068816,-33.965,18.602,17.492678492043137,0.9569
1973-01-14,2023-04-30,"DURBAN INTERNATIONAL, SF",Durban,South Africa,GHCND:SFM00068588,-29.97,30.951,13.301134449406167,0.9282
1973-01-17,2020-05-27,"JOHANNESBURG INTERNATIONAL, SF",Johannesburg,South Africa,GHCND:SFM00068368,-26.139,28.246,20.917170527248505,0.9281
1991-01-08,2023-04-30,"PRETORIA IRENE, SF",Pretoria,South Africa,GHCND:SFM00068263,-25.917,28.217,19.24388511165172,0.8588
1943-04-01,2023-04-30,"DAKAR YOFF, SG",Dakar,Senegal,GHCND:SG000061641,14.733,-17.5,7.121504227606165,0.6687
1899-12-31,2023-04-30,"LJUBLJANA BEZIGRAD, SI",Ljubljana,Slovenia,GHCND:SIM00014015,46.0656,14.5169,1.8948894941149654,0.9992
1962-05-12,2023-04-30,"SINGAPORE CHANGI INTERNATIONAL, SN",Singapore,Singapore,GHCND:SNM00048698,1.35,103.994,19.4142799604943,0.7103
1924-03-01,2023-04-30,"BARCELONA AEROPUERTO, SP",Barcelona,Spain,GHCND:SP000008181,41.2928,2.0697,13.463235908590626,0.9367
1920-01-01,2023-02-28,"MADRID RETIRO, SP",Madrid,Spain,GHCND:SP000003195,40.4117,-3.6781,2.228000825763175,0.9957
1951-01-01,2023-04-30,"SEVILLA SAN PABLO, SP",Seville,Spain,GHCND:SPE00120512,37.4167,-5.8792,10.723172051498434,0.9996
1973-01-01,2023-04-30,"VALENCIA, SP",Valencia,Spain,GHCND:SPM00008284,39.489,-0.482,9.319100614298385,0.9995
1942-11-01,2023-04-15,"KHARTOUM, SU",Khartoum,Sudan,GHCND:SU000062721,15.6,32.549,4.3199011930325515,0.5164
1957-07-01,2019-04-14,"PORT SUDAN, SU",Port Sudan,Sudan,GHCND:SU000062641,19.583,37.217,4.0651065339444905,0.6984
1961-01-01,2015-07-23,"WAU, OD",Wau,South Sudan,GHCND:SU000062880,7.7,28.017,2.8723692877928357,0.5184
1996-10-01,2023-03-31,"STOCKHOLM A, SW",Stockholm,Sweden,GHCND:SWE00138886,59.34,18.0597,1.776576809833998,0.9982
1973-01-01,2023-04-30,"DAMASCUS INTERNATIONAL, SY",Damascus,Syria,GHCND:SYM00040080,33.412,36.516,22.20260475001759,0.993
1951-01-01,2023-04-30,"BANGKOK METROPOLIS, TH",Bangkok,Thailand,GHCND:TH000048455,13.733,100.567,8.228530949050478,0.9516
1943-01-01,2023-04-30,"CHIANG MAI, TH",Chiang Mai,Thailand,GHCND:TH000048327,18.783,98.983,0.6605620423227446,0.8669
1951-01-01,2023-04-30,"NAKHON RATCHASIMA, TH",Nakhon Ratchasima,Thailand,GHCND:TH000048431,14.967,102.083,32.90661101248158,0.9579
1926-04-01,2023-04-30,"DUSHANBE, TI",Dushanbe,Tajikistan,GHCND:TI000038836,38.5494,68.8,5.30621008449698,0.9739
1943-06-09,2023-04-30,"CARTHAGE, TS",Tunis,Tunisia,GHCND:TSM00060715,36.851,10.227,342.6717654423498,0.7444
2002-12-31,2023-04-30,"ANKARA CENTRAL, TU",Ankara,Turkey,GHCND:TUM00017130,39.95,32.883,4.079681625811077,0.7895
1950-05-01,2023-04-30,"ERZURUM, TU",Erzurum,Turkey,GHCND:TUM00017096,39.957,41.17,10.418489536617285,0.81
2014-02-18,2023-04-30,ISTANBUL BOLGE KARTAL,Istanbul,Turkey,GHCND:TUM00017064,40.9,29.15,19.63742361583101,0.997
1933-01-12,2023-04-30,"ASHGABAT, TX",Ashgabat,Turkmenistan,GHCND:TX000038880,37.9667,58.3331,5.2111071122741,0.9205
1957-01-01,2023-04-30,"DAR ES SALAAM AIRPORT, TZ",Dar es Salaam,Tanzania,GHCND:TZ000063894,-6.867,39.2,10.524405086265118,0.7713
1957-01-01,2023-04-30,"DODOMA, TZ",Dodoma,Tanzania,GHCND:TZ000063862,-6.167,35.767,2.606508707473107,0.549
1951-08-01,2023-04-30,"TABORA AIRPORT, TZ",Tabora,Tanzania,GHCND:TZ000063832,-5.083,32.833,37.95059539270187,0.6447
1959-12-31,2023-03-31,"EDINBURGH ROYAL BOTANIC GARDE, UK",Edinburgh,United Kingdom,GHCND:UKE00105888,55.9667,-3.21,2.004205331823116,0.999
1948-12-01,2023-04-30,"HEATHROW, UK",London,United Kingdom,GHCND:UKM00003772,51.478,-0.461,23.30772769165673,0.8117
1881-01-01,2023-04-30,"KIEV, UP",Kyiv,Ukraine,GHCND:UPM00033345,50.4,30.5331,5.599604969103616,0.9884
1916-02-01,2023-04-29,"ANCHORAGE MERRILL FIELD, AK US",Anchorage,United States,GHCND:USW00026409,61.2163,-149.85724,2.013778199650087,0.5812
1982-09-30,2020-09-27,"FAIRBANKS F.O., AK US",Fairbanks,United States,GHCND:USS0047P03S,64.85,-147.8,4.164005827451708,0.9659
1991-03-01,2023-04-26,"LAKE HAVASU CITY, AZ US",Lake Havasu City,United States,GHCND:USC00024761,34.5031,-114.3604,4.08393080057644,0.9608
1933-06-01,2023-04-30,"PHOENIX AIRPORT, AZ US",Phoenix,United States,GHCND:USW00023183,33.4278,-112.00365,6.931707735414473,0.9423
1946-06-01,2023-04-30,"TUCSON INTERNATIONAL AIRPORT, AZ US",Tucson,United States,GHCND:USW00023160,32.13153,-110.95638,10.304906051176154,0.9856
1999-01-01,2023-04-30,"FRESNO 5 NE, CA US",Fresno,United States,GHCND:USC00043256,36.7672,-119.7092,7.4113469802256615,0.9405
1906-04-01,2023-04-29,"LOS ANGELES DOWNTOWN USC, CA US",Los Angeles,United States,GHCND:USW00093134,34.0236,-118.2911,5.570479536598964,0.9323
1906-03-01,2023-04-05,"PALM SPRINGS, CA US",Palm Springs,United States,GHCND:USC00046635,33.8275,-116.5097,2.844889244371229,0.9125
1877-07-11,2023-04-29,"SACRAMENTO 5 ESE, CA US",Sacramento,United States,GHCND:USW00023271,38.5552,-121.4183,7.173755580472686,0.9983
1939-07-01,2023-04-30,"SAN DIEGO INTERNATIONAL AIRPORT, CA US",San Diego,United States,GHCND:USW00023188,32.7336,-117.1831,2.6177343532378203,0.9999
1921-01-01,2023-04-29,"SAN FRANCISCO DOWNTOWN, CA US",San Francisco,United States,GHCND:USW00023272,37.7705,-122.4269,1.1299146355603207,0.9999
1893-01-01,2023-04-29,"SAN JOSE, CA US",San Jose,United States,GHCND:USC00047821,37.34972,-121.90333,1.881377611323107,0.8697
1997-11-01,2023-04-28,"DENVER WATER DEPARTMENT, CO US",Denver,United States,GHCND:USC00052223,39.72944,-105.00861,2.304425264257055,0.9813
1945-01-01,2023-04-30,"JACKSONVILLE NAS, FL US",Jacksonville,United States,GHCND:USW00093837,30.23333,-81.66667,11.042847103779595,0.9637
1927-01-05,2023-04-09,"MIAMI BEACH, FL US",Miami,United States,GHCND:USW00092811,25.8063,-80.1334,7.008055660048994,0.8452
1972-01-01,2023-03-31,"PANAMA CITY 5 N, FL US",Panama City,Panama,GHCND:USC00086842,30.2491,-85.6605,2450.0958376742074,0.9831
1939-02-01,2023-04-30,"TAMPA INTERNATIONAL AIRPORT, FL US",Tampa,United States,GHCND:USW00012842,27.96331,-82.54,8.194913785698855,1
2001-06-10,2023-03-31,"ATLANTA 3.2 S, GA US",Atlanta,United States,GHCND:US1GAFT0037,33.7171497,-84.4210735,4.544647759217097,0.4502
1958-01-08,2023-02-28,"BERETANIA PUMP STATION 705, HI US",Honolulu,United States,GHCND:USC00510211,21.3061,-157.853,0.3266072192130076,0.8544
1931-01-01,2023-04-30,"BOISE AIR TERMINAL, ID US",Boise,United States,GHCND:USW00024131,43.56705,-116.24062,3.756777484185327,0.9025
1997-05-01,2023-04-30,"CHICAGO MIDWAY AIRPORT, IL US",Chicago,United States,GHCND:USW00014819,41.78412,-87.75514,14.855564263849761,0.9991
1942-10-06,2023-04-30,"INDIANAPOLIS INTERNATIONAL AIRPORT, IN US",Indianapolis,United States,GHCND:USW00093819,39.72515,-86.2816,11.5797699371114,0.935
1953-12-01,2023-04-30,"WICHITA DWIGHT D. EISENHOWER NATIONAL AIRPORT, KS US",Wichita,United States,GHCND:USW00003928,37.64753,-97.42999,9.535018499674702,1
1948-06-01,2023-04-30,"LOUISVILLE UPPR GAGE, KY US",Louisville,United States,GHCND:USC00154955,38.27778,-85.79167,3.845333925099951,0.9808
1893-01-01,2023-04-29,"NEW ORLEANS AUDUBON, LA US",New Orleans,United States,GHCND:USW00012930,29.9166,-90.1302,8.289326133996296,0.9523
1998-05-01,2023-04-30,"MARYLAND SCIENCE CENTER, MD US",Baltimore,United States,GHCND:USW00093784,39.2814,-76.6111,1.0547142040353097,0.8944
1936-01-01,2023-05-01,"BOSTON LOGAN INTERNATIONAL AIRPORT, MA US",Boston,United States,GHCND:USW00014739,42.36057,-71.00975,4.20982662123614,1
1948-01-01,2023-04-30,"DETROIT CITY AIRPORT, MI US",Detroit,United States,GHCND:USW00014822,42.40725,-83.00899,8.967660691585342,0.9765
1991-09-01,2023-04-30,"LOWER ST. ANTHONY FALLS, MN US",Minneapolis,United States,GHCND:USC00214884,44.9784,-93.2469,1.4657161587584973,0.9793
1934-01-01,2023-04-30,"KANSAS CITY DOWNTOWN AIRPORT, MO US",Kansas City,United States,GHCND:USW00013988,39.12791,-94.58915,3.2343627627546097,0.9168
1997-06-08,2023-04-30,"CAHOKIA ST LOUIS DOWNTOWN AIRPORT, IL US",St. Louis,United States,GHCND:USW00003960,38.56402,-90.14869,8.01165769626459,0.9911
1948-01-01,2023-04-30,"OMAHA EPPLEY AIRFIELD, NE US",Omaha,United States,GHCND:USW00014942,41.31186,-95.90186,6.647575225638916,0.998
2000-10-01,2023-04-29,"LAS VEGAS AIR TERMINAL, NV US",Las Vegas,United States,GHCND:USW00053123,36.21205,-115.19394,6.436334799868911,0.9979
1931-03-01,2023-04-30,"ALBUQUERQUE INTERNATIONAL AIRPORT, NM US",Albuquerque,United States,GHCND:USW00023050,35.04189,-106.61545,5.700271661066425,0.9999
1939-07-01,2023-04-30,"CHARLOTTE DOUGLAS AIRPORT, NC US",Charlotte,United States,GHCND:USW00013881,35.22254,-80.95433,10.118421466246506,0.9761
1945-04-01,2023-04-30,"JOHN GLENN INTERNATIONAL AIRPORT, OH US",Columbus,United States,GHCND:USW00014821,39.99068,-82.87703,11.002041716224557,0.9648
1941-12-14,2023-04-30,"OKLAHOMA CITY WILL ROGERS WORLD AIRPORT, OK US",Oklahoma City,United States,GHCND:USW00013967,35.38843,-97.60035,12.056665014380988,0.9257
1973-08-01,2023-04-28,"PORTLAND KGW TV, OR US",Portland,United States,GHCND:USC00356749,45.5181,-122.6894,1.2085318072250968,0.978
1993-08-01,2023-02-28,"PHILADELPHIA FRANKLIN INSTITUTE, PA US",Philadelphia,United States,GHCND:USC00366886,39.95867,-75.1728,1.0305365131061432,0.9758
1991-09-01,2023-04-30,"EMSWORTH L D OHIO RIVER, PA US",Pittsburgh,United States,GHCND:USC00362574,40.5044,-80.0889,10.884833233459538,0.983
1940-01-01,2023-04-30,"MEMPHIS INTERNATIONAL AIRPORT, TN US",Memphis,United States,GHCND:USW00013893,35.05639,-89.9864,11.605980052060776,1
1948-01-01,2023-04-30,"NASHVILLE INTERNATIONAL AIRPORT, TN US",Nashville,United States,GHCND:USW00013897,36.11054,-86.68815,9.640884361974035,1
1938-06-01,2023-04-30,"AUSTIN CAMP MABRY, TX US",Austin,United States,GHCND:USW00013958,30.3208,-97.7604,5.75123614777508,1
1939-08-01,2023-04-30,"DALLAS FAA AIRPORT, TX US",Dallas,United States,GHCND:USW00013960,32.83839,-96.83583,7.8087979057947186,0.9996
1938-04-01,2023-04-30,"EL PASO INTERNATIONAL AIRPORT, TX US",El Paso,United States,GHCND:USW00023044,31.81234,-106.37737,12.263297389483451,0.9998
1948-06-01,2023-04-30,"HOUSTON WESTBURY, TX US",Houston,United States,GHCND:USC00414325,29.70032,-95.42916,8.815118952935665,0.9455
1930-06-01,2023-04-30,"MIDLAND INTERNATIONAL AIRPORT, TX US",Odessa,Ukraine,GHCND:USW00023023,31.94754,-102.20859,10098.630596331186,1
1997-05-01,2023-02-05,"SAN ANTONIO INCARNATE WORD, TX US",San Antonio,United States,GHCND:USC00417947,29.4704,-98.47278,5.533852734075468,0.8365
1985-05-01,2020-06-08,"SALT LAKE TRIAD CENTER, UT US",Salt Lake City,United States,GHCND:USC00427606,40.7708,-111.8963,1.478519506551591,0.7664
1945-03-01,2023-04-30,"OCEANA NAS, VA US",Virginia Beach,United States,GHCND:USW00013769,36.81667,-76.03333,6.408210883185154,0.8992
1986-10-01,2023-04-29,"SEATTLE SAND POINT WEATHER FORECAST OFFICE, WA US",Seattle,United States,GHCND:USW00094290,47.6872,-122.2553,10.83062119354153,0.9612
1938-04-01,2023-04-30,"MILWAUKEE MITCHELL AIRPORT, WI US",Milwaukee,United States,GHCND:USW00014839,42.95489,-87.9045,9.026520221820512,1
1973-01-01,2023-04-30,"OUAGADOUGOU, UV",Ouagadougou,Burkina Faso,GHCND:UVM00065503,12.353,-1.512,2.3536963744757267,0.9502
1967-01-01,2023-04-30,"OUAHIGOUYA, UV",Ouahigouya,Burkina Faso,GHCND:UV000005502,13.58,-2.43,1.334042573051434,0.8614
1957-06-30,2023-04-30,"CARRASCO INTERNATIONAL, UY",Montevideo,Uruguay,GHCND:UYM00086580,-34.838,-56.031,16.458189598059768,0.8022
1881-01-01,2023-04-30,"TASHKENT, UZ",Tashkent,Uzbekistan,GHCND:UZM00038457,41.27,69.2694,4.771380996855715,0.9847
1973-01-01,2023-04-30,"SIMON BOLIVAR INTERNATIONAL, VE",Caracas,Venezuela,GHCND:VEM00080415,10.603,-66.991,13.633009948683396,0.9915
1957-01-01,2023-04-30,"DANANG INTERNATIONAL, VM",Da Nang,Vietnam,GHCND:VMM00048855,16.044,108.199,3.008582933410529,0.9397
1958-12-18,2023-04-30,"NOIBAI INTERNATIONAL, VM",Hanoi,Vietnam,GHCND:VMM00048820,21.221,105.807,21.97307552801643,0.8088
1951-01-09,2023-04-30,"TAN SON HOA, VM",Ho Chi Minh City,Vietnam,GHCND:VM000048900,10.82,106.67,5.923118093312971,0.9662
1950-01-01,2022-11-11,"LIVINGSTONE, ZA",Livingstone,Zambia,GHCND:ZA000067743,-17.817,25.817,6.185583701692735,0.5614
1956-07-01,2023-04-30,"HARARE KUTSAGA, ZI",Harare,Zimbabwe,GHCND:ZI000067775,-17.917,31.133,13.23601140964454,0.7825
1962-06-01,2023-04-30,"BET DAGAN, IS",Tel Aviv,Israel,GHCND:ISE00105694,32,34.7994,9.628764464545672,0.9956